Model,MSE,MAE,RMSE,R2_Score,NSE
Stacking Regressor,56810823915.759476,154791.70849963033,238350.2127453623,0.5668036557050822,0.5668036557050822
