Model,MSE,MAE,RMSE,R2_Score
Stacking Regressor,49431215838.88361,140919.1429602906,222331.31996838326,0.6230749614332336
